{
    "sl": 2.4515077990892142,
    "tp": 5.246761972955862,
    "conf": 0.7205658474692866,
    "trail_on": 1.0,
    "trail_act": 2.1903655354914484,
    "trail_off": 0.4448456405577017,
    "vol_exit": 6.563441690751917,
    "max_hold": 60,
    "pullback": 0.1457602183215409,
    "fill_wait": 8,
    "abort": 0.7309148410614396,
    "mode": "sniper"
}